{
  "integrity": {
    "train": {
      "split": "train",
      "shape": [
        300000,
        16
      ],
      "missing_cells_total": 0,
      "infinite_values_total": 0,
      "duplicate_rows": 0,
      "label_counts": {
        "0": 288606,
        "1": 11394
      },
      "label_ratio": {
        "0": 0.96202,
        "1": 0.03798
      }
    },
    "val": {
      "split": "val",
      "shape": [
        60000,
        16
      ],
      "missing_cells_total": 0,
      "infinite_values_total": 0,
      "duplicate_rows": 0,
      "label_counts": {
        "0": 57742,
        "1": 2258
      },
      "label_ratio": {
        "0": 0.9623666666666667,
        "1": 0.03763333333333333
      }
    },
    "test": {
      "split": "test",
      "shape": [
        60000,
        16
      ],
      "missing_cells_total": 0,
      "infinite_values_total": 0,
      "duplicate_rows": 0,
      "label_counts": {
        "0": 59478,
        "1": 522
      },
      "label_ratio": {
        "0": 0.9913,
        "1": 0.0087
      }
    }
  },
  "feature_stats_train": {
    "distance": {
      "min": 0.0,
      "max": 1.0,
      "mean": 0.4998684288054839,
      "std": 0.2887343853257274
    },
    "angle_sin": {
      "min": -0.9999999998948655,
      "max": 0.9999999985269282,
      "mean": 0.0006758662939635934,
      "std": 0.7074061305429173
    },
    "angle_cos": {
      "min": -0.9999999999998523,
      "max": 0.9999999997469513,
      "mean": -0.00020793844924542167,
      "std": 0.7068069513216823
    },
    "speed": {
      "min": 0.20000025915820807,
      "max": 0.8999775929926266,
      "mean": 0.4575686774738417,
      "std": 0.14914370204417682
    },
    "acceleration": {
      "min": 3.1032656737650656e-07,
      "max": 0.9998650680400902,
      "mean": 0.07667895014252497,
      "std": 0.10648735126219001
    },
    "turn_rate": {
      "min": 6.88105379031967e-07,
      "max": 0.9999564262022586,
      "mean": 0.21323567231938723,
      "std": 0.14097262701002608
    },
    "heading_to_city": {
      "min": 2.2200680946493632e-06,
      "max": 0.9999321563946912,
      "mean": 0.3630952831861984,
      "std": 0.212045719321889
    },
    "loiter_score": {
      "min": 5.63904672867821e-06,
      "max": 0.9996887965234105,
      "mean": 0.4077222649706294,
      "std": 0.2343779569630857
    },
    "in_corridor": {
      "min": 0.0,
      "max": 1.0,
      "mean": 0.8770566666666667,
      "std": 0.3283721518676975
    },
    "in_restricted_zone": {
      "min": 0.0,
      "max": 1.0,
      "mean": 0.018876666666666667,
      "std": 0.13608944897464395
    },
    "transponder_present": {
      "min": 0.0,
      "max": 1.0,
      "mean": 0.9461733333333333,
      "std": 0.22567533454549754
    },
    "transponder_valid": {
      "min": 0.0,
      "max": 1.0,
      "mean": 0.9195866666666667,
      "std": 0.27193203039648634
    },
    "transponder_stability": {
      "min": 0.0,
      "max": 0.9999971520774474,
      "mean": 0.7976594955682782,
      "std": 0.21663406839050348
    },
    "rcs": {
      "min": 0.05000916222316942,
      "max": 0.9999988672683111,
      "mean": 0.640529145062056,
      "std": 0.21775153682218665
    }
  },
  "class_mean_diff_train": {
    "distance": 0.0025659447649915013,
    "angle_sin": 0.00764230620619094,
    "angle_cos": 0.0007472136831743485,
    "speed": 0.1989927741570373,
    "acceleration": 0.43827202004692245,
    "turn_rate": 0.34984196336483786,
    "heading_to_city": 0.35123129135706455,
    "loiter_score": 0.19987059072423274,
    "in_corridor": 0.6005866236561207,
    "in_restricted_zone": 0.241388330768536,
    "transponder_present": 0.6286413742582935,
    "transponder_valid": 0.8156702642361817,
    "transponder_stability": 0.705511720689006,
    "rcs": 0.23623105200776717
  },
  "baseline_logreg": {
    "confusion_matrix_val": [
      [
        57729,
        13
      ],
      [
        37,
        2221
      ]
    ],
    "roc_auc_val": 0.9999759551658872
  }
}