{
  "integrity": {
    "train": {
      "split": "train",
      "shape": [
        300000,
        16
      ],
      "missing_cells_total": 0,
      "infinite_values_total": 0,
      "duplicate_rows": 0,
      "label_counts": {
        "0": 288634,
        "1": 11366
      },
      "label_ratio": {
        "0": 0.9621133333333334,
        "1": 0.037886666666666666
      }
    },
    "val": {
      "split": "val",
      "shape": [
        60000,
        16
      ],
      "missing_cells_total": 0,
      "infinite_values_total": 0,
      "duplicate_rows": 0,
      "label_counts": {
        "0": 57671,
        "1": 2329
      },
      "label_ratio": {
        "0": 0.9611833333333333,
        "1": 0.038816666666666666
      }
    },
    "test": {
      "split": "test",
      "shape": [
        60000,
        16
      ],
      "missing_cells_total": 0,
      "infinite_values_total": 0,
      "duplicate_rows": 0,
      "label_counts": {
        "0": 59505,
        "1": 495
      },
      "label_ratio": {
        "0": 0.99175,
        "1": 0.00825
      }
    }
  },
  "feature_stats_train": {
    "distance": {
      "min": 0.0,
      "max": 1.0,
      "mean": 0.499986559794447,
      "std": 0.2890538393570947
    },
    "angle_sin": {
      "min": -0.9999999999988151,
      "max": 0.9999999999957639,
      "mean": 8.586753597696543e-05,
      "std": 0.7074297733281947
    },
    "angle_cos": {
      "min": -0.9999999994881575,
      "max": 0.9999999999957702,
      "mean": 0.00026671006202557264,
      "std": 0.7067835859025932
    },
    "speed": {
      "min": 0.20000174358160278,
      "max": 0.8999892509953489,
      "mean": 0.4577596185326008,
      "std": 0.1493599778915066
    },
    "acceleration": {
      "min": 6.800999957867759e-07,
      "max": 0.9999874316376289,
      "mean": 0.07667710794069132,
      "std": 0.10681524932530272
    },
    "turn_rate": {
      "min": 2.270821352645669e-06,
      "max": 0.9999381125036855,
      "mean": 0.21321581392866268,
      "std": 0.14076953710779544
    },
    "heading_to_city": {
      "min": 1.492041359307805e-06,
      "max": 0.9999384435574763,
      "mean": 0.3642836198877391,
      "std": 0.2115559029166075
    },
    "loiter_score": {
      "min": 1.1931099376027988e-06,
      "max": 0.9999649033092828,
      "mean": 0.40794148725943025,
      "std": 0.23408249841977502
    },
    "in_corridor": {
      "min": 0.0,
      "max": 1.0,
      "mean": 0.7913633333333333,
      "std": 0.40633410881796383
    },
    "in_restricted_zone": {
      "min": 0.0,
      "max": 1.0,
      "mean": 0.01894,
      "std": 0.1363131556380381
    },
    "transponder_present": {
      "min": 0.0,
      "max": 1.0,
      "mean": 0.92392,
      "std": 0.2651260711435222
    },
    "transponder_valid": {
      "min": 0.0,
      "max": 1.0,
      "mean": 0.87901,
      "std": 0.32611565417808447
    },
    "transponder_stability": {
      "min": 0.0,
      "max": 0.9999982059255831,
      "mean": 0.7138389306891377,
      "std": 0.24068987602200057
    },
    "rcs": {
      "min": 0.05005315537835234,
      "max": 0.9999938961275727,
      "mean": 0.6415911262942271,
      "std": 0.21743224082086568
    }
  },
  "class_mean_diff_train": {
    "distance": 0.0016455477051116607,
    "angle_sin": 0.0139787173348406,
    "angle_cos": 0.011488682182210299,
    "speed": 0.20027756054818685,
    "acceleration": 0.4408175091450842,
    "turn_rate": 0.3478193879653908,
    "heading_to_city": 0.34787133339739157,
    "loiter_score": 0.20122443563762782,
    "in_corridor": 0.19877092680031205,
    "in_restricted_zone": 0.23343751435821142,
    "transponder_present": 0.17797961240453686,
    "transponder_valid": 0.36613520575418224,
    "transponder_stability": 0.18624360077583157,
    "rcs": 0.23366063362041511
  },
  "baseline_logreg": {
    "confusion_matrix_val": [
      [
        57662,
        9
      ],
      [
        133,
        2196
      ]
    ],
    "roc_auc_val": 0.998797363755358
  }
}